SKU,Rangsutra Online,location
PWKR01,5,rs_online
PWTM002,5,rs_online
"""BTC 03/18/GA/BLOUSE PC/03/HAND EMB/BG&RU """,1,rs_online
PWMG01,4,rs_online
PWBK011,5,rs_online
PWBK01,5,rs_online
PWBL001,5,rs_online
PWTM003,5,rs_online
PWTM001,5,rs_online
PWTR001,5,rs_online
PWCT003,5,rs_online
PWCT002,5,rs_online
PWCT001,5,rs_online
RAKSHA/07/20/GA/RAKSHA KIT/07/YL/FS,0,rs_online
RAKSHA/07/20/GA/RAKSHA KIT/07/PK/FS,0,rs_online
RAKSHA/07/20/GA/RAKSHA KIT/07/TQ/FS,-1,rs_online
RAKSHA/07/20/GA/RAKSHA KIT/06/PK/FS,0,rs_online
RAKSHA/07/20/GA/RAKSHA KIT/06/WH/FS,-1,rs_online
RAKSHA/07/20/GA/EMB BEADS RAKHI/05/TQ/FS,3,rs_online
RAKSHA/07/20/GA/EMB FLORAL RAKHI/04/YL/FS,0,rs_online
RAKSHA/07/20/GA/EMB BEADS RAKHI/03/PK/FS,0,rs_online
RAKSHA/07/20/GA/EMB BEADS RAKHI/02/YL/FS,-1,rs_online
RAKSHA/07/20/GA/EMB FLORAL RAKHI/01/PK/FS,1,rs_online
EWD/07/20/GA/PRINTED MASK/02/AS/FS,4,rs_online
EWD/07/20/GA/PRINTED MASK/02/AS/FS,3,rs_online
EWD/07/20/GA/PRINTED MASK/01/AS/FS,3,rs_online
EWD/07/20/GA/PRINTED MASK/01/AS/FS,3,rs_online
EDW/4/17/HM/PILLOW COVER16/PRINT/BR/50X75,5,rs_online
EDW/12/18/GA/SUIT PCS/FULKARI EMB ALL/03/BK/3MTR.,4,rs_online
EDW/1/19/GA/POUCH/RALLI/01/YL,3,rs_online
EDW/1/19/GA/POUCH/RALLI/01/TQ,4,rs_online
BTC/08/17/WI/LONG KURTA/09/TIE&DYE/GR/XL,0,rs_online
BTC/08/17/WI/LONG KURTA/09/TIE&DYE/GR/L,0,rs_online
BTC/08/17/WI/LONG KURTA/09/TIE&DYE/GR/M,3,rs_online
BTC/08/17/WI/LONG KURTA/09/TIE&DYE/GR/S,2,rs_online
BTC-08-17-WIW-SHORTKURTA-05-TIE&DYE-B&W-XL,0,rs_online
BTC/08/17/WW/SHORT KURTA/05/TIE&DYE/B&W/L,0,rs_online
BTC/08/17/WW/SHORT KURTA/05/TIE&DYE/B&W/M,3,rs_online
BTC/08/17/WW/SHORT KURTA/05/TIE&DYE/B&W/S,3,rs_online
BTC/08/17/WW/SHORT KURTA/10/TIE&DYE/GR/XL,1,rs_online
BTC/08/17/WW/SHORT KURTA/10/TIE&DYE/GR/L,3,rs_online
BTC/08/17/WW/SHORT KURTA/10/TIE&DYE/GR/M,0,rs_online
BTC/08/17/WW/SHORT KURTA/10/TIE&DYE/GR/S,6,rs_online
BTC/07/18/WW/BIAS TOP/04/SHIBORI/YL/XL,2,rs_online
BTC/07/18/WW/BIAS TOP/04/SHIBORI/YL/L,6,rs_online
BTC/07/18/WW/BIAS TOP/04/SHIBORI/YL/M,4,rs_online
BTC/07/18/WW/BIAS TOP/04/SHIBORI/YL/S,0,rs_online
BTC/07/18/WW/BIAS TOP/04/SHIBORI/PK/XL,3,rs_online
BTC/07/18/WW/BIAS TOP/04/SHIBORI/PK/L,5,rs_online
BTC/07/18/WW/BIAS TOP/04/SHIBORI/PK/M,6,rs_online
BTC/07/18/WW/BIAS TOP/04/SHIBORI/PK/S,2,rs_online
BTC/07/18/WW/SHORT KURTA WITH YOKE/05/SHIBORI/TQ/L,10,rs_online
BTC/07/18/WW/SHORT KURTA WITH YOKE/05/SHIBORI/TQ/M,12,rs_online
BTC/07/18/WW/SHORT KURTA WITH YOKE/05/SHIBORI/TQ/S,9,rs_online
BTC/07/18/WW/SHORT KURTA WITH YOKE/05/SHIBORI/PK/L,9,rs_online
BTC/07/18/WW/SHORT KURTA WITH YOKE/05/SHIBORI/PK/M,10,rs_online
BTC/07/18/WW/SHORT KURTA WITH YOKE/05/SHIBORI/PK/S,10,rs_online
BTC/07/18/WI/ALINE KURTA/01/SHIBORI/YL/XL,6,rs_online
BTC/07/18/WI/ALINE KURTA/01/SHIBORI/YL/L,4,rs_online
BTC/07/18/WI/ALINE KURTA/01/SHIBORI/YL/M,7,rs_online
BTC/07/18/WI/ALINE KURTA/01/SHIBORI/YL/S,0,rs_online
BTC/07/18/WI/ANARKALI KURTA/02/SHIBORI/PK/L,4,rs_online
BTC/07/18/WI/ANARKALI KURTA/02/SHIBORI/PK/M,0,rs_online
BTC/07/18/WI/ANARKALI KURTA/02/SHIBORI/PK/S,0,rs_online
BTC/07/18/WI/SLIT KURTA SLEVLESS/03/SHIBORI/PK-XL,5,rs_online
BTC/07/18/WI/SLIT KURTA SLEVLESS/03/SHIBORI/PK-L,7,rs_online
BTC/07/18/WI/SLIT KURTA SLEVLESS/03/SHIBORI/PK-M,7,rs_online
BTC/07/18/WI/SLIT KURTA SLEVLESS/03/SHIBORI/PK-S,3,rs_online
BTC/07/18/WI/SLIT KURTA SLEVLESS/03/SHIBORI/GR/XL,5,rs_online
BTC/07/18/WI/SLIT KURTA SLEVLESS/03/SHIBORI/GR/L,7,rs_online
BTC/07/18/WI/SLIT KURTA SLEVLESS/03/SHIBORI/GR/M,7,rs_online
BTC/07/18/WI/SLIT KURTA SLEVLESS/03/SHIBORI/GR/S,2,rs_online
BTC/03/18/WI/SLIT KRT SLEEVELESS/APPLIQUE/07/CR/XL,5,rs_online
BTC/03/18/WI/SLIT KRT SLEEVELESS/APPLIQUE/07/CR/L,5,rs_online
BTC/03/18/WI/SLIT KRT SLEEVELESS/APPLIQUE/07/CR/M,7,rs_online
BTC03-18-WI-SLITKRTSLEEVELESS-APPLIQUE-07-CR-S,0,rs_online
BTC/03/18/WI/A LINE KRT/06/APPLIQUE/CR/XL,1,rs_online
BTC/03/18/WI/A LINE KRT/06/APPLIQUE/CR/L,7,rs_online
BTC/03/18/WI/A LINE KRT/06/APPLIQUE/CR/M,4,rs_online
BTC/03/18/WI/A LINE KRT/06/APPLIQUE/CR/S,1,rs_online
BTC/03/18/WW/SHORT KRT/APPLIQUE/08/CR/XL,0,rs_online
BTC/03/18/WW/SHORT KRT/APPLIQUE/08/CR/L,4,rs_online
BTC/03/18/WW/SHORT KRT/APPLIQUE/08/CR/M,4,rs_online
BTC/03/18/WW/SHORT KRT/APPLIQUE/08/CR/S,0,rs_online
BTC/12/17/GA/SAREE/EXTRA WEFT/STRIPS/BK&GY,0,rs_online
BTC/01/2016/GA/SARI/EXTRA WEFT/STRIPS/01/RD&NT,4,rs_online
BTC/03/2016/GA/SARI/EXTRA WEFT/SMALL CHECK/03/GY&BK,6,rs_online
BTC/07/2016/GA/SARI/EXTRA WEFT/STRIPS/07/PK&NT,3,rs_online
BTC58/4/17/GA/SARI/EXTRA WEFT/STRIP/58/BL&RD,2,rs_online
WW-103-AADHYA DRESS TIE & DYE/TQ/XL,0,rs_online
WW-103-AADHYA DRESS TIE & DYE/TQ/L,0,rs_online
WW-103-AADHYA DRESS TIE & DYE/TQ/M,0,rs_online
WW-103-AADHYA DRESS TIE & DYE/TQ/S,0,rs_online
WW-149-SIYA SHORT KRT/TQ/XL,15,rs_online
WW-149-SIYA SHORT KRT/TQ/L,10,rs_online
WW-149-SIYA SHORT KRT/TQ/M,8,rs_online
WW-149-SIYA SHORT KRT/TQ/S,3,rs_online
WW-150-ABHA SHORT KRT/TQ/XL,2,rs_online
WW-150-ABHA SHORT KRT/TQ/L,9,rs_online
WW-150-ABHA SHORT KRT/TQ/M,4,rs_online
WW-150-ABHA SHORT KRT/TQ/S,5,rs_online
WW-136-PAKHI SHORT KRT/YL/XL,3,rs_online
WW-136-PAKHI SHORT KRT/YL/L,9,rs_online
WW-136-PAKHI SHORT KRT/YL/M,7,rs_online
WW-136-PAKHI SHORT KRT/YL/S,4,rs_online
WW-136-PAKHI SHORT KRT/RD/XL,1,rs_online
WW-136-PAKHI SHORT KRT/RD/L,8,rs_online
WW-136-PAKHI SHORT KRT/RD/M,4,rs_online
WW-136-PAKHI SHORT KRT/RD/S,0,rs_online
BANJARA/10/19/WI/ SIDE TIE UP KRT/02/EMB/BG/XL,2,rs_online
BANJARA/10/19/WI/ SIDE TIE UP KRT/02/EMB/BG/L,11,rs_online
BANJARA/10/19/WI/ SIDE TIE UP KRT/02/EMB/BG/M,5,rs_online
BANJARA/10/19/WI/ SIDE TIE UP KRT/02/EMB/BG/S,0,rs_online
BANJARA/10/19/WI/SIDE TIE UP KRT/02/EMB/PK/XL,0,rs_online
BANJARA/10/19/WI/SIDE TIE UP KRT/02/EMB/PK/L,0,rs_online
BANJARA/10/19/WI/ SIDE TIE UP KRT/02/EMB/PK/M,0,rs_online
BANJARA/10/19/WI/SIDE TIE UP KRT/02/EMB/PK/S,2,rs_online
WW-140-LINEN TOP/PK/XL,3,rs_online
WW-140-LINEN TOP/PK/L,11,rs_online
WW-140-LINEN TOP/PK/M,9,rs_online
WW-140-LINEN TOP/ PK/S,2,rs_online
BTC/50/2016/WW/LONG JKT/KATHA/IN/L-XL,1,rs_online
SUJNI/10/2019/WW/CASCADE JKT/03/KATHA/PK/L-XL,2,rs_online
SUJNI/10/2019/WW/CASCADE JKT/03/KATHA/PK/S-M,2,rs_online
SUJNI/10/2019/WW/CH.COLLAR SHORT JKT/01/KATHA/PK/L,5,rs_online
SUJNI/10/2019/WW/CH.COLLAR SHORT JKT/01/KATHA/PK/M,3,rs_online
SUJNI/10/2019/WW/CH.COLLAR SHORT JKT/01/KATHA/PK/S,3,rs_online
BTC 12/16/WW/SHORT KRT/APPLIQUE/BL/XL,0,rs_online
BTC/12/2016/WW/SHORT KRT/APPLIQUE/BL/L,0,rs_online
BTC 12/16/WW/SHORT KRT/APPLIQUE/BL/M,0,rs_online
BTC 12/16/WW/SHORT KRT/APPLIQUE/BL/S,0,rs_online
BTC/10/2016/WI/ANARKALI KRT/APPLIQUE/BL/FS,0,rs_online
BTC/09/2016/WI/SLIT KRT WITHSLEEV/APPLIQUE/BL/XL,1,rs_online
BTC/09/2016/WI/SLIT KRT WITHSLEEV/APPLIQUE/BL/L,4,rs_online
BTC/09/2016/WI/SLIT KRT WITHSLEEV/APPLIQUE/BL/M,1,rs_online
BTC/09/2016/WI/SLIT KRT WITHSLEEV/APPLIQUE/BL/S,1,rs_online
BTC 08/16/WI/SLIT KRT SLEEVELESS/APPLIQUE/BL/XL,2,rs_online
BTC 08/16/WI/SLIT KRT SLEEVELESS/APPLIQUE/BL/L,7,rs_online
BTC 08/16/WI/SLIT KRT SLEEVELESS/APPLIQUE/BL/M,4,rs_online
BTC 08/16/WI/SLIT KRT SLEEVELESS/APPLIQUE/BL/S,2,rs_online
BTC/11/2016/WI/A LINE KRT/APPLIQUE/BL/XL,0,rs_online
BTC/11/2016/WI/A LINE KRT/APPLIQUE/BL/L,0,rs_online
BTC/11/2016/WI/A LINE KRT/APPLIQUE/BL/M,0,rs_online
BTC/11/2016/WI/A LINE KRT/APPLIQUE/BL/S,0,rs_online
WW-138-INDRA SHORT KRT/CR/XL,6,rs_online
WW-138-INDRA SHORT KRT/CR/L,5,rs_online
WW-138-INDRA SHORT KRT/CR/M,6,rs_online
WW-138-INDRA SHORT KRT/CR/S,0,rs_online
WW-138-INDRA SHORT KRTGR/XL,4,rs_online
WW-138-INDRA SHORT KRT/GR/L,8,rs_online
WW-138-INDRA SHORT KRT/GR/M,4,rs_online
WW-138-INDRA SHORT KRT/GR/S,3,rs_online
BTC/45A/2016/WW/LONG SKIRT/MS/FS,2,rs_online
BTC/45/2016/WW/SHORT SKIRT/MS/FS,1,rs_online
WW-118-MRINGLI DRESS/CR/XL,8,rs_online
WW-118-MRINGLI DRESS/CR/L,5,rs_online
WW-118-MRINGLI DRESS/CR/M,5,rs_online
WW-118-MRINGLI DRESS/CR/S,1,rs_online
EDW/12/17/WI/LONG KURTA/11/EMB/BK/XL,0,rs_online
EDW/12/17/WI/LONG KURTA/11/EMB/BK/L,0,rs_online
EDW/12/17/WI/LONG KURTA/11/EMB/BK/M,0,rs_online
EDW/12/17/WI/LONG KURTA/11/EMB/BK/S,0,rs_online
EDW/12/17/WW/SHORT KURTA/12/EMB/BK/XL,0,rs_online
EDW/12/17/WW/SHORT KURTA/12/EMB/BK/L,0,rs_online
EDW/12/17/WW/SHORT KURTA/12/EMB/BK/M,0,rs_online
EDW/12/17/WW/SHORT KURTA/12/EMB/BK/S,0,rs_online
BTC/11/17/WI/TC SILK/SLIT KRT SL/ZARI/05/TQ-4,2,rs_online
BTC/11/17/WI/TC SILK/SLIT KRT SL/ZARI/05/TQ-3,4,rs_online
BTC/11/17/WI/TC SILK/SLIT KRT SL/ZARI/05/TQ-2,5,rs_online
BTC/11/17/WI/TC SILK/SLIT KRT SL/ZARI/05/TQ-1,3,rs_online
BTC/11/17/WI/TC SILK/SLIT KRT SL/ZARI/05/RD/XL,2,rs_online
BTC/11/17/WI/TC SILK/SLIT KRT SL/ZARI/05/RD/L,6,rs_online
BTC/11/17/WI/TC SILK/SLIT KRT SL/ZARI/05/RD/M,8,rs_online
BTC/11/17/WI/TC SILK/SLIT KRT SL/ZARI/05/RD/S,7,rs_online
BTC/46/2016/WI/ANARKALI KURTA/MS/FS,0,rs_online
BTC/46A/2016/WI/ANARKALI KURTASL/MS/FS,5,rs_online
BTC/44/2016/WI/SLIT KURTA/BAGH/MS/XL,0,rs_online
BTC/44/2016/WI/LONG SLIT KURTA/BAGH/MS/L,0,rs_online
BTC/44/2016/WI/SLIT KURTA/BAGH/MS/M,4,rs_online
BTC/44/2016/WI/SLIT KURTA/BAGH/MS/S,3,rs_online
BTC/44A/2016/WI/SLIT KURTA/BAGH/SL/MS/XL,1,rs_online
BTC/44A/2016/WI/SLIT KURTA/BAGH/SL/MS/L,2,rs_online
BTC/44A/2016/WI/SLIT KURTA/BAGH/SL/MS/M,1,rs_online
BTC/44A/2016/WI/SLIT KURTA/BAGH/SL/MS/S,1,rs_online
WI/TARANG LONG KRT/CR/XL,9,rs_online
WI/TARANG LONG KRT/CR/L,7,rs_online
WI/TARANG LONG KRT/CR/M,4,rs_online
WI/TARANG LONG KRT/CR-S,0,rs_online
WI-267-PADMA SILK KRT/GR/XL,0,rs_online
WI-267-PADMA SILK KRT/GR/L,0,rs_online
WI-267-PADMA SILK KRT/GR/M,0,rs_online
WI-267-PADMA SILK KRT/GR/S,0,rs_online
WI-267-PADMA SILK KRT/PR/XL,0,rs_online
WI-267-PADMA SILK KRT/PR/L,0,rs_online
WI-267-PADMA SILK KRT/PR/M,0,rs_online
WI-267-PADMA SILK KRT/PR-S,0,rs_online
WI-272/2016 AJARA MANOPUR KRT/TQ-XL,0,rs_online
WI-272/2017/AJARA MANIPUR KRT/TQ/L,5,rs_online
WI-272/2017/AJARA MANIPUR KRT/TQ/M,16,rs_online
WI-272/2017/AJARA MANIPUR KRT/TQ/S,20,rs_online
WI#KURTA LONG COTTON EXTRA WEFT A-LINE ROUND NECK 3Q YOKE DETAIL/TQ-XXL,11,rs_online
WI#KURTA LONG COTTON EXTRA WEFT A-LINE ROUND NECK 3Q YOKE DETAIL/TQ-XL,0,rs_online
WI#KURTA LONG COTTON EXTRA WEFT A-LINE ROUND NECK 3Q YOKE DETAIL/TQ-L,2,rs_online
WI#KURTA LONG COTTON EXTRA WEFT A-LINE ROUND NECK 3Q YOKE DETAIL/TQ-M,0,rs_online
WI#KURTA LONG COTTON EXTRA WEFT A-LINE ROUND NECK 3Q YOKE DETAIL/TQ-S,0,rs_online
WI-258-TULSI/MS-XL,0,rs_online
WI-258-TULSI/MS/L,6,rs_online
WI-258-TULSI/MS/M,2,rs_online
WI-258-TULSI/MS/S,2,rs_online
WI-244-PADMA/YL/XL,0,rs_online
WI-244-PADMA/YL/L,0,rs_online
WI-244-PADMA/YL-M,0,rs_online
WI-244-PADMA/YL/S,0,rs_online
WI-244-PADMA/GR/XL,0,rs_online
WI-244-PADMA/GR-L,0,rs_online
WI-244-PADMA/GR/M,0,rs_online
WI-244-PADMA/GR/S,0,rs_online
BTC/10/18/WI/ANARKALI JACKET/04/KASHMIRI EMB/BK/FS,3,rs_online
BTC/10/18/WI/ANARKALI JACKET/04/KASHMIRI EMB/BG/FS,9,rs_online
BTC/10/18/WW/CASCADE JACKET/03/KASHMIRI EMB/BG/FS,5,rs_online
BTC/10/18/WW/CASCADE JACKET/03/KASHMIRI EMB/BK/FS,8,rs_online
BTC/48/2016/WW/SHORT JKT/KATHA /IN/L-XL,4,rs_online
BTC/48/2016/WW/SHORT JKT/KATHA /IN/S-M,1,rs_online
SUJNI/10/2019/WW/CH.COLLAR LONG JKT/02/KATHA/PK/L,5,rs_online
SUJNI/10/2019/WW/CH.COLLAR LONG JKT/02/KATHA/PK/M,0,rs_online
SUJNI/10/2019/WW/CH.COLLAR LONG JKT/02/KATHA/PK/S,5,rs_online
BTC/49/2016/WW/SHAWL COLLAR JKT/KATHA/IN/L-XL,0,rs_online
BTC/49/2016/WW/SHAWL COLLAR JKT/KATHA/IN/S-M,3,rs_online
BTC/10/18/WI/ALINE KURTA/01/KASHMIRI EMB/BK/XL,2,rs_online
BTC/10/18/WI/ALINE KURTA/01/KASHMIRI EMB/BK/L,7,rs_online
BTC/10/18/WI/ALINE KURTA/01/KASHMIRI EMB/BK/M,8,rs_online
BTC/10/18/WI/ALINE KURTA/01/KASHMIRI EMB/BK/S,3,rs_online
BTC/10/18/WI/ALINE KURTA/01/KASHMIRI EMB/BG/XL,3,rs_online
BTC/10/18/WI/ALINE KURTA/01/KASHMIRI EMB/BG/L,4,rs_online
BTC/10/18/WI/ALINE KURTA/01/KASHMIRI EMB/BG/M,5,rs_online
BTC/10/18/WI/ALINE KURTA/01/KASHMIRI EMB/BG/S,5,rs_online
BTC/10/18/WI/SLIT KURTA/02/KASHMIRI EMB/BK/XL,2,rs_online
BTC/10/18/WI/SLIT KURTA/02/KASHMIRI EMB/BK/L,3,rs_online
BTC/10/18/WI/SLIT KURTA/02/KASHMIRI EMB/BK/M,6,rs_online
BTC/10/18/WI/SLIT KURTA/02/KASHMIRI EMB/BK/S,6,rs_online
BTC/10/18/WI/SLIT KURTA/02/KASHMIRI EMB/BG/XL,2,rs_online
BTC/10/18/WI/SLIT KURTA/02/KASHMIRI EMB/BG/L,5,rs_online
BTC/10/18/WI/SLIT KURTA/02/KASHMIRI EMB/BG/M,5,rs_online
BTC/10/18/WI/SLIT KURTA/02/KASHMIRI EMB/BG/S,5,rs_online
EDW/2/19/GA/STOLE/08/TIE&DYE MARBLEING/RU-GY/FS,2,rs_online
EDW/2/19/GA/STOLE/06/TIE&DYE CIRCLE/BG/FS,4,rs_online
EDW/2/19/GA/STOLE/09/TIE&DYE MARBLEING/BL-GY/FS,0,rs_online
EDW/2/19/GA/STOLE/07/TIE&DYE MARBLEING/MS/FS,3,rs_online
EDW/2/19/GA/STOLE/10/TIE&DYE SHIBORI/BL/FS,0,rs_online
EDW/5/19/HOME/77X33PATTU/22/EXTRAWEF/BK-NT,10,rs_online
EDW/5/19/HOME/77X33PATTU/22/EXTRAWEF/MUS-NT,7,rs_online
MUSTERD/09/19/HM/18X18/NAPKIN/01/E.W CHECK/MS,6,rs_online
MUSTERD/09/19/HM/18X18/NAPKIN/02/E.W STRIP/MS,3,rs_online
MUSTERD/09/19/HM/14X18/MAT/03/E.WEFT/MS,11,rs_online
MUSTERD/09/19/HM/16X16/C.C/05/E.WEFT/MS,0,rs_online
MUSTERD/09/19/HM/16X16/C.C/04/E.WEFT/MS,0,rs_online
BLACK&WHITE/09/19/HM/16X16/C.C/08/E.WEFT/BK,1,rs_online
BLACK&WHITE/09/19/HM/YOGA BAG/09/E.WEFT/BK,6,rs_online
BLACK&WHITE/09/19/HM/YOGA BAG/10/E.WEFT/BK,6,rs_online
SARUS/07/19/WW/STRAP DRESS/01/VGS STRIP/PK/L,1,rs_online
SARUS/07/19/WW/STRAP DRESS/01/VGS STRIP/PK/M,1,rs_online
SARUS/07/19/WW/STRAP DRESS/01/VGS STRIP/PK/S,2,rs_online
HIRAV/08/19/MN/BUSHIRT/01/DOBBY/GR/XL,2,rs_online
HIRAV/08/19/MN/BUSHIRT/01/DOBBY/GR/L,6,rs_online
HIRAV/08/19/MN/BUSHIRT/01/DOBBY/GR/M,6,rs_online
HIRAV/08/19/MN/BUSHIRT/01/DOBBY/GR/S,4,rs_online
HIRAV/08/19/MN/LONG KRT/03/DOBBY/MR/XL,4,rs_online
HIRAV/08/19/MN/LONG KRT/03/DOBBY/MR/L,6,rs_online
HIRAV/08/19/MN/LONG KRT/03/DOBBY/MR/M,6,rs_online
HIRAV/08/19/MN/LONG KRT/03/DOBBY/MR/S,1,rs_online
HIRAV/08/19/MN/LONG KRT/03/DOBBY/GR/XL,4,rs_online
HIRAV/08/19/MN/LONG KRT/03/DOBBY/GR/L,8,rs_online
HIRAV/08/19/MN/LONG KRT/03/DOBBY/GR/M,8,rs_online
HIRAV/08/19/MN/LONG KRT/03/DOBBY/GR/S,4,rs_online
HIRAV/08/19/MN/FS SHIRT/04/DOBBY/GR/XL,6,rs_online
HIRAV/08/19/MN/FS SHIRT/04/DOBBY/GR/L,6,rs_online
HIRAV/08/19/MN/FS SHIRT/04/DOBBY/GR/M,4,rs_online
HIRAV/08/19/MN/FS SHIRT/04/DOBBY/GR/S,4,rs_online
HIRAV/08/19/MN/BUSHIRT/01/DOBBY/MR/XL,4,rs_online
HIRAV/08/19/MN/BUSHIRT/01/DOBBY/MR/L,6,rs_online
HIRAV/08/19/MN/BUSHIRT/01/DOBBY/MR/M,7,rs_online
HIRAV/08/19/MN/BUSHIRT/01/DOBBY/MR/S,3,rs_online
HIRAV/08/19/MN/SHORT KRT/02/DOBBY/MR/XL,4,rs_online
HIRAV/08/19/MN/SHORT KRT/02/DOBBY/MR/SL,6,rs_online
HIRAV/08/19/MN/SHORT KRT/02/DOBBY/MR/M,6,rs_online
HIRAV/08/19/MN/SHORT KRT/02/DOBBY/MR/S,4,rs_online
HIRAV/08/19/MN/SHORT KRT/02/DOBBY/GR/XL,5,rs_online
HIRAV/08/19/MN/SHORT KRT/02/DOBBY/GR/L,8,rs_online
HIRAV/08/19/MN/SHORT KRT/02/DOBBY/GR/M,8,rs_online
HIRAV/08/19/MN/SHORT KRT/02/DOBBY/GR/S,4,rs_online
HIRAV/08/19/MN/FS SHIRT/04/DOBBY/MR/XL,6,rs_online
HIRAV/08/19/MN/FS SHIRT/04/DOBBY/MR/L,6,rs_online
HIRAV/08/19/MN/FS SHIRT/04/DOBBY/MR/M,4,rs_online
HIRAV/08/19/MN/FS SHIRT/04/DOBBY/MR/S,3,rs_online
CHUKAR/07/19/WW/HALTER TOP/08/AJRAKH/YL/XL,0,rs_online
CHUKAR/07/19/WW/HALTER TOP/08/AJRAKH/YL/L,3,rs_online
CHUKAR/07/19/WW/HALTER TOP/08/AJRAKH/YL,0,rs_online
CHUKAR/07/19/WW/HALTER TOP/08/AJRAKH/YL,0,rs_online
CHUKAR/07/19/WI/ALINE KRT FRONT PATTI/02/AJRAKH/YL/XL,0,rs_online
CHUKAR/07/19/WI/ALINE KRT FRONT PATTI/02/AJRAKH/YL/L,0,rs_online
CHUKAR/07/19/WI/ALINE KRT FRONT PATTI/02/AJRAKH/YL/M,0,rs_online
CHUKAR/07/19/WI/ALINE KRT FRONT PATTI/02/AJRAKH/YL/S,0,rs_online
CHUKAR/07/19/WW/SHORT KRT OVERLAP /09/AJRAKH/GR/XL,1,rs_online
CHUKAR/07/19/WW/SHORT KRT OVERLAP /09/AJRAKH/GR/L,0,rs_online
CHUKAR/07/19/WW/SHORT KRT OVERLAP /09/AJRAKH/GR/M,0,rs_online
CHUKAR/07/19/WW/SHORT KRT OVERLAP /09/AJRAKH/GR/S,3,rs_online
NONGIN/07/19/WW/SKRT BACK PLACKET/04/MANIPUR/ON/XL,1,rs_online
NONGIN/07/19/WW/SKRT BACK PLACKET/04/MANIPUR/ON/L,2,rs_online
NONGIN/07/19/WW/SKRT BACK PLACKET/04/MANIPUR/ON/M,1,rs_online
NONGIN/07/19/WW/SKRT BACK PLACKET/04/MANIPUR/ON/S,2,rs_online
NONGIN/07/19/WW/SKRT BACK PLACKET/04/MANIPUR/TL-4,2,rs_online
NONGIN/07/19/WW/SKRT BACK PLACKET/04/MANIPUR/TL/L,2,rs_online
NONGIN/07/19/WW/SKRT BACK PLACKET/04/MANIPUR/TL-2,3,rs_online
NONGIN/07/19/WW/SKRT BACK PLACKET/04/MANIPUR/TL-1,2,rs_online
NONGIN/07/19/WW/FLYER YOKE DRESS/02/MANIPUR/TL/XL,0,rs_online
NONGIN/07/19/WW/FLYER YOKE DRESS/02/MANIPUR/TL/L,0,rs_online
NONGIN/07/19/WW/FLYER YOKE DRESS/02/MANIPUR/TL/M,5,rs_online
NONGIN/07/19/WW/FLYER YOKE DRESS/02/MANIPUR/TL/S,0,rs_online
NONGIN/07/19/WW/FLYER YOKE DRESS/02/MANIPUR/ON-4,0,rs_online
NONGIN/07/19/WW/FLYER YOKE DRESS/02/MANIPUR/ON/L,2,rs_online
NONGIN/07/19/WW/FLYER YOKE DRESS/02/MANIPUR/ON/M,2,rs_online
NONGIN/07/19/WW/FLYER YOKE DRESS/02/MANIPUR/ON/S,0,rs_online
NONGIN/07/19/WW/FRONT OPEN JKT/05/MANIPUR/ON,0,rs_online
NONGIN/07/19/WW/FRONT OPEN JKT/05/MANIPUR/ON/M,1,rs_online
NONGIN/07/19/WW/FRONT OPEN JKT/05/MANIPUR/ON,0,rs_online
NONGIN/07/19/WW/FRONT OPEN JKT/05/MANIPUR/TL-3,2,rs_online
NONGIN/07/19/WW/FRONT OPEN JKT/05/MANIPUR/TL/M,4,rs_online
NONGIN/07/19/WW/FRONT OPEN JKT/05/MANIPUR/TL/S,1,rs_online
NONGIN/07/19/WI/LKRT LESS/03/MANIPUR/TL/XL,0,rs_online
NONGIN/07/19/WI/LKRT LESS/03/MANIPUR/TL/L,2,rs_online
NONGIN/07/19/WI/LKRT LESS/03/MANIPUR/TL/M,4,rs_online
NONGIN/07/19/WI/LKRT LESS/03/MANIPUR/TL/S,0,rs_online
NONGIN/07/19/WW/STRIP DRESS/01/MANIPUR/TL/L,1,rs_online
NONGIN/07/19/WW/STRIP DRESS/01/MANIPUR/TL/M,2,rs_online
NONGIN/07/19/WW/STRIP DRESS/01/MANIPUR/TL/S,1,rs_online
NONGIN/07/19/WW/STRIP DRESS/01/MANIPUR/ON/L,0,rs_online
NONGIN/07/19/WW/STRIP DRESS/01/MANIPUR/ON/M,3,rs_online
NONGIN/07/19/WW/STRIP DRESS/01/MANIPUR/ON/S,1,rs_online
NONGIN/07/19/WI/LKRT LESS/03/MANIPUR/ON/XL,0,rs_online
NONGIN/07/19/WI/LKRT LESS/03/MANIPUR/ON/L,-2,rs_online
NONGIN/07/19/WI/LKRT LESS/03/MANIPUR/ON/M,-4,rs_online
NONGIN/07/19/WI/LKRT LESS/03/MANIPUR/ON/S,-2,rs_online
SARUS/07/19/WW/SHIRT TOP/03/VGS STRIP/GR/L,2,rs_online
SARUS/07/19/WW/SHIRT TOP/03/VGS STRIP/GR/M,2,rs_online
SARUS/07/19/WW/SHIRT TOP/03/VGS STRIP/GR/S,3,rs_online
SARUS/07/19/WW/SHIRT TOP/03/VGS STRIP/PK/L,2,rs_online
SARUS/07/19/WW/SHIRT TOP/03/VGS STRIP/PK-2,4,rs_online
SARUS/07/19/WW/SHIRT TOP/03/VGS STRIP/PK/S,1,rs_online
CHUKAR/07/19/WW/WRAP SKIRT/10/AJRAKH/BR/L-XL,0,rs_online
CHUKAR/07/19/WW/WRAP SKIRT/10/AJRAKH/BR/S-M,0,rs_online
CHUKAR/07/19/WI/CH COLLAR DRESS/05/AJRAKH/YL/XL,1,rs_online
CHUKAR/07/19/WI/CH COLLAR DRESS/05/AJRAKH/YL/L,0,rs_online
CHUKAR/07/19/WI/CH COLLAR DRESS/05/AJRAKH/YL/M,1,rs_online
CHUKAR/07/19/WI/CH COLLAR DRESS/05/AJRAKH/YL/S,4,rs_online
SARUS/07/19/WW/SHIRT DRESS/02/VGS STRIP/PK-3,0,rs_online
SARUS/07/19/WW/SHIRT DRESS/02/VGS STRIP/PK/M,3,rs_online
SARUS/07/19/WW/SHIRT DRESS/02/VGS STRIP/PK/S,3,rs_online
SARUS/07/19/WW/STRAP DRESS/01/VGS STRIP/GR/L,4,rs_online
SARUS/07/19/WW/STRAP DRESS/01/VGS STRIP/GR/M,3,rs_online
SARUS/07/19/WW/STRAP DRESS/01/VGS STRIP/GR/S,3,rs_online
SARUS/07/19/WW/PLEAT JKT/04/VGS STRIP/GR/L,1,rs_online
SARUS/07/19/WW/PLEAT JKT/04/VGS STRIP/GR/M,8,rs_online
SARUS/07/19/WW/PLEAT JKT/04/VGS STRIP/GR/S,3,rs_online
SARUS/07/19/WW/SHIRT DRESS/02/VGS STRIP/GR,3,rs_online
SARUS/07/19/WW/SHIRT DRESS/02/VGS STRIP/GR,3,rs_online
SARUS/07/19/WW/SHIRT DRESS/02/VGS STRIP/GR/S,2,rs_online
SARUS/07/19/WW/PLEAT JKT/04/VGS STRIP/PK/L,1,rs_online
SARUS/07/19/WW/PLEAT JKT/04/VGS STRIP/PK/M,7,rs_online
SARUS/07/19/WW/PLEAT JKT/04/VGS STRIP/PK/S,1,rs_online
CHUKAR/07/19/WI/STRAP SUN DRESS/07/AJRAKH/GR/L,0,rs_online
CHUKAR/07/19/WI/STRAP SUN DRESS/07/AJRAKH/GR/M,0,rs_online
CHUKAR/07/19/WI/STRAP SUN DRESS/07/AJRAKH/GR-S,0,rs_online
CHUKAR/07/19/WI/WAIST TIE DRESS/06/AJRAKH/YL/XL,0,rs_online
CHUKAR/07/19/WI/WAIST TIE DRESS/06/AJRAKH/YL/L,0,rs_online
CHUKAR/07/19/WI/WAIST TIE DRESS/06/AJRAKH/YL/M,0,rs_online
CHUKAR/07/19/WI/WAIST TIE DRESS/06/AJRAKH/YL/S,0,rs_online
CHUKAR/07/19/WI/SHIRT DRESS/03/AJRAKH/BR/XL,0,rs_online
CHUKAR/07/19/WI/SHIRT DRESS/03/AJRAKH/BR/L,0,rs_online
CHUKAR/07/19/WI/SHIRT DRESS/03/AJRAKH/BR/M,1,rs_online
CHUKAR/07/19/WI/SHIRT DRESS/03/AJRAKH/BR/S,0,rs_online
CHUKAR/07/19/WI/F&B YOKE DRESS/04/AJRAKH/GR/XL,0,rs_online
CHUKAR/07/19/WI/F&B YOKE DRESS/04/AJRAKH/GR/L,0,rs_online
CHUKAR/07/19/WI/F&B YOKE DRESS/04/AJRAKH/GR/M,0,rs_online
CHUKAR/07/19/WI/F&B YOKE DRESS/04/AJRAKH/GR/S,0,rs_online
BAYA/07/19/WW/TOUSER/05/EMB/BL/L,0,rs_online
BAYA/07/19/WW/TOUSER/05/EMB/BL/M,0,rs_online
BAYA/07/19/WW/TOUSER/05/EMB/BL/S,0,rs_online
BAYA/07/19/WW/TOUSER/05/EMB/RU/L,2,rs_online
BAYA/07/19/WW/TOUSER/05/EMB/RU/M,3,rs_online
BAYA/07/19/WW/TOUSER/05/EMB/RU/S,1,rs_online
BAYA/07/19/WW/TOUSER/05/EMB/BG/L,1,rs_online
BAYA/07/19/WW/TOUSER/05/EMB/BG/M,0,rs_online
BAYA/07/19/WW/TOUSER/05/EMB/BG/S,0,rs_online
BAYA/07/19/WW/COLLAR TOP/03/EMB/RU/XL,0,rs_online
BAYA/07/19/WW/COLLAR TOP/03/EMB/RU/L,0,rs_online
BAYA/07/19/WW/COLLAR TOP/03/EMB/RU/M,5,rs_online
BAYA/07/19/WW/COLLAR TOP/03/EMB/RU/S,0,rs_online
BAYA/07/19/WW/COLLAR TOP/03/EMB/PK/XL,0,rs_online
BAYA/07/19/WW/COLLAR TOP/03/EMB/PK/L,7,rs_online
BAYA/07/19/WW/COLLAR TOP/03/EMB/PK/M,4,rs_online
BAYA/07/19/WW/COLLAR TOP/03/EMB/PK/S,0,rs_online
BAYA/07/19/WW/PLEAT SKIRT/04/EMB/PK/L,0,rs_online
BAYA/07/19/WW/PLEAT SKIRT/04/EMB/PK/M,0,rs_online
BAYA/07/19/WW/PLEAT SKIRT/04/EMB/PK/S,0,rs_online
BAYA/07/19/WW/PLEAT SKIRT/04/EMB/GR/L,0,rs_online
BAYA/07/19/WW/PLEAT SKIRT/04/EMB/GR/M,0,rs_online
BAYA/07/19/WW/PLEAT SKIRT/04/EMB/GR/S,0,rs_online
BAYA/07/19/WI/STRIP LKRT/01/EMB/GR/XL,0,rs_online
BAYA/07/19/WI/STRIP LKRT/01/EMB/GR/L,0,rs_online
BAYA/07/19/WI/STRIP LKRT/01/EMB/GR/M,0,rs_online
BAYA/07/19/WI/STRIP LKRT/01/EMB/GR/S,0,rs_online
BAYA/07/19/WI/STRIP LKRT/01/EMB/PK/XL,0,rs_online
BAYA/07/19/WI/STRIP LKRT/01/EMB/PK/L,0,rs_online
BAYA/07/19/WI/STRIP LKRT/01/EMB/PK/M,0,rs_online
BAYA/07/19/WI/STRIP LKRT/01/EMB/PK/S,0,rs_online
BAYA/07/19/WI/PINTUCK SLEEV LKRT/02/EMB/GR/XL,6,rs_online
BAYA/07/19/WI/PINTUCK SLEEV LKRT/02/EMB/GR/L,7,rs_online
BAYA/07/19/WI/PINTUCK SLEEV LKRT/02/EMB/GR/M,8,rs_online
BAYA/07/19/WI/PINTUCK SLEEV LKRT/02/EMB/GR/S,3,rs_online
BTC/02/2016/GA/SARI/EXTRA WEFT/STRIPS/02/GY&NT,4,rs_online
CHUKAR/07/19/WI/ALINE KRT ROLLUP SLEEV/01/AJRAKH/BL-4,0,rs_online
CHUKAR/07/19/WI/ALINE KRT ROLLUP SLEEV/01/AJRAKH/BL/L,0,rs_online
CHUKAR/07/19/WI/ALINE KRT ROLLUP SLEEV/01/AJRAKH/BL/M,0,rs_online
CHUKAR/07/19/WI/ALINE KRT ROLLUP SLEEV/01/AJRAKH/BL-1,0,rs_online
EDW-8-17-HOME-CC2-RALLI-2-16X16-BL-TQ,5,rs_online
EDW-8-17-HOME-CC3-RALLI-3-12X12-BL-TQ,4,rs_online
EDW-8-17-HOME-CC2APPLIQUEALLOVER-RD-OR,0,rs_online
EDW-8-17-HOME-CC3APPLIQUEALLOVER-BR-RD,3,rs_online
EDW-8-17-HOME-CC1APPLIQUEALLOVER-NV-TQ,0,rs_online
EDW-8-17-HOME-CC2-APPLIQUEALLOVER-NV-PK,0,rs_online
EDW-8-17-HOME-CC2APPLIQUEALLOVER-BK-RD,0,rs_online
EDW-8-17-HOME-CC2-APPLIQUEDIAMOND-YL-TQ,1,rs_online
EDW-8-17-HOME-CC1-APPLIQUEDIAMOND-YL-TQ,10,rs_online
EDW-8-17-HOME-CC1-APPLIQUEDIAMOND-OR-PK,8,rs_online
EDW-8-17-HOME-CC1-EMB-PK-CASEMNETNT,0,rs_online
EDW/6/18/HOME/16X16C.C/13/EMB /CR,10,rs_online
EDW/5/18/HOME/16X16CC/01/APPLIQUE ALLOVER/NV,6,rs_online
EDW/6/18/HOME/16X16C.C/08/EMB /NT,13,rs_online
BTC/08/17/WW/LONG KAFTAN/07/TIE&DYE/B&W/FS,0,rs_online
EDW/6/18/HOME/16X16C.C/12/EMB /TQ,10,rs_online
EDW/5/18/HOME/16X16CC/02/APPLIQUE ALLOVER/NV,6,rs_online
BTC/08/17/WI/ANARKAL/03/TIE&DYE/B&W/FS,0,rs_online
EDW/5/18/HOME/16X16CC/03/APPLIQUE ALLOVER/NV,8,rs_online
BTC/08/17/WI/LONG KURTA/04/TIE&DYE/B&W/XL,0,rs_online
BTC/08/17/WI/LONG KURTA/04/TIE&DYE/B&W/L,0,rs_online
BTC/08/17/WI/LONG KURTA/04/TIE&DYE/B&W/M,0,rs_online
BTC/08/17/WI/LONG KURTA/04/TIE&DYE/B&W/S,2,rs_online
EDW/5/18/HOME/16X16CC/07/APPLIQUE ALLOVER/NV,10,rs_online
BTC/08/17/WW/LONG SKIRT/02/TIE&DYE/B&W/FS,0,rs_online
EDW/5/18/HOME/16X16CC/06/APPLIQUE ALLOVER/NV,9,rs_online
EDW/5/18/HOME/16X16CC/05/APPLIQUE ALLOVER/NV,7,rs_online
BTC/08/17/WW/SHORT SKIRT/01/TIE&DYE/B&W/FS,2,rs_online
EDW/5/18/HOME/16X16CC/04/APPLIQUE ALLOVER/NV,8,rs_online
BTC/08/17/WW/SHORT KAFTAN/08/TIE&DYE/B&W/FS,5,rs_online
EDW/6/18/HOME/16X16C.C/07/EMB /NT,8,rs_online
BTC/12/17/WI/LONG KURTA/09/TIE&DYE/BL&WH/XL,4,rs_online
BTC/12/17/WI/LONG KURTA/09/TIE&DYE/BL&WH/L,7,rs_online
BTC/12/17/WI/LONG KURTA/09/TIE&DYE/BL&WH/M,4,rs_online
BTC/12/17/WI/LONG KURTA/09/TIE&DYE/BL&WH/S,4,rs_online
EDW/8/18/HOME/16X16C.C/08/ALL OVER PUCCA EMB/GY,13,rs_online
EDW/6/18/HOME/16X16C.C/09/EMB /NT,0,rs_online
EDW/8/18/HOME/16X16C.C/07/TRIANGLE RUNNING STITCH EMB/GY,1,rs_online
BTC/12/17/WW/SHORT KURTA/10/TIE&DYE/BL&WH/XL,3,rs_online
BTC/12/17/WW/SHORT KURTA/10/TIE&DYE/BL&WH/L,3,rs_online
BTC/12/17/WW/SHORT KURTA/10/TIE&DYE/BL&WH/M,3,rs_online
BTC/12/17/WW/SHORT KURTA/10/TIE&DYE/BL&WH/S,3,rs_online
EDW/8/18/HOME/16X16C.C/06/RUNNING STITCH EMB/GY,17,rs_online
BTC/12/17/WI/LONG KURTA/09/TIE&DYE/BK&WH/XL,0,rs_online
BTC/12/17/WI/LONG KURTA/09/TIE&DYE/BK&WH/L,1,rs_online
BTC/12/17/WI/LONG KURTA/09/TIE&DYE/BK&WH/M,0,rs_online
BTC/12/17/WI/LONG KURTA/09/TIE&DYE/BK&WH/S,0,rs_online
EDW/6/18/HOME/16X16C.C/10/EMB /GR,9,rs_online
BTC/01/18/WI/LONG KRT/04/STITCH YOKE/BK/XL,0,rs_online
BTC/01/18/WI/LONG KRT/04/STITCH YOKE/BK/L,0,rs_online
BTC/01/18/WI/LONG KRT/04/STITCH YOKE/BK/M,0,rs_online
BTC/01/18/WI/LONG KRT/04/STITCH YOKE/BK/S,0,rs_online
EDW/8/18/HOME/16X16C.C/02/ENG WEAVED/MULTI,2,rs_online
BTC/01/18/WW/SHORTKRT/05/STITCH YOKE/NT/XL,0,rs_online
BTC/01/18/WW/SHORTKRT/05/STITCH YOKE/NT/L,0,rs_online
BTC/01/18/WW/SHORTKRT/05/STITCH YOKE/NT/M,0,rs_online
BTC/01/18/WW/SHORTKRT/05/STITCH YOKE/NT/S,0,rs_online
EDW/6/18/HOME/16X16C.C/11/EMB /GR,10,rs_online
EDW/8/18/HOME/16X16C.C/01/EXTRA WEFT/NT-BK,20,rs_online
BTC/23/2016/WW/BIAS TOP/AFGHAN EMB/BK/XL,0,rs_online
BTC/23/2016/WW/BIAS TOP/AFGHAN EMB/BK/L,1,rs_online
BTC/23/2016/WW/BIAS TOP/AFGHAN EMB/BK/M,0,rs_online
BTC/23/2016/WW/BIAS TOP/AFGHAN EMB/BK/S,0,rs_online
BTC/01/18/WW/SHORTKRT/05/STITCH YOKE/BK/XL,0,rs_online
BTC/01/18/WW/SHORTKRT/05/STITCH YOKE/BK/L,2,rs_online
BTC/01/18/WW/SHORTKRT/05/STITCH YOKE/BK/M,0,rs_online
BTC/01/18/WW/SHORTKRT/05/STITCH YOKE/BK/S,2,rs_online
EDW/5/18/HOME/16X16C.C/11/EXTRA WEF /BL-NT,18,rs_online
EDW/5/18/HOME/16X16C.C/12/EXTRA WEF /BL-NT,20,rs_online
EDW/5/18/HOME/16X16C.C/13/EXTRA WEF /BL-NT,18,rs_online
BTC/19/16/WW/SHORT KRT /QUILTED YOKE/BK/XL,0,rs_online
BTC/19/16/WW/SHORT KRT /QUILTED YOKE/BK/L,1,rs_online
BTC/19/16/WW/SHORT KRT /QUILTED YOKE/BK/M,5,rs_online
BTC/19/16/WW/SHORT KRT /QUILTED YOKE/BK/S,6,rs_online
EDW/5/18/HOME/16X16C.C/17/EXTRA WEF /BL-NT,0,rs_online
BTC/18/2016/WI/ANARKALI/BK/FS,4,rs_online
BTC/27/2016/WW/SHORT SKIRT/BK/FS,2,rs_online
EDW/5/18/HOME/16X16C.C/18/EXTRA WEF /BL-NT,0,rs_online
BTC/20/2016/WI/SLIT KRT SLEEVELESS/BK/XL,3,rs_online
BTC/20/2016/WI/SLIT KRT SLEEVELESS/BK/L,2,rs_online
BTC/20/2016/WI/SLIT KRT SLEEVELESS/BK/M,2,rs_online
BTC/20/2016/WI/SLIT KRT SLEEVELESS/BK/S,2,rs_online
EDW/5/18/HOME/16X16C.C/14/EXTRA WEF /BL-NT,22,rs_online
BTC 17/16/WW/LONG JACKET /HANDLOOM/BK/FS,0,rs_online
EDW/5/18/HOME/16X16C.C/15/EXTRA WEF /BL-NT,6,rs_online
EDW/1/19/WI/L.KRT/BANDHEJ WITH LOOP BUTTONS/02/TQ/XL,8,rs_online
EDW/1/19/WI/L.KRT/BANDHEJ WITH LOOP BUTTONS/02/TQ/L,7,rs_online
EDW/1/19/WI/L.KRT/BANDHEJ WITH LOOP BUTTONS/02/TQ/M,8,rs_online
EDW/1/19/WI/L.KRT/BANDHEJ WITH LOOP BUTTONS/02/TQ/S,6,rs_online
EDW/5/18/HOME/16X16C.C/16/EXTRA WEF /BL-NT,15,rs_online
BTC/17/2016/WW/LONG JACKET QUILTED/BG/FS,2,rs_online
EDW/5/18/HOME/16X16C.C/19/EXTRA WEF /BL-NT,18,rs_online
BTC/14/2016/WI/SLIT KRT SLEEVELESS/AFGHAN EMB/BG/XL,5,rs_online
BTC/14/2016/WI/SLIT KRT SLEEVELESS/AFGHAN EMB/BG/L,5,rs_online
BTC/14/2016/WI/SLIT KRT SLEEVELESS/AFGHAN EMB/BG/M,5,rs_online
BTC/14/2016/WI/SLIT KRT SLEEVELESS/AFGHAN EMB/BG/S,5,rs_online
EDW/1/19/WI/LONG KURTA/BANDHEJ NECK SLIT/04/RD/XL,7,rs_online
EDW/1/19/WI/LONG KURTA/BANDHEJ NECK SLIT/04/RD/L,5,rs_online
EDW/1/19/WI/LONG KURTA/BANDHEJ NECK SLIT/04/RD/M,5,rs_online
EDW/1/19/WI/LONG KURTA/BANDHEJ NECK SLIT/04/RD/S,2,rs_online
EDW/5/18/HOME/12X12C.C/20/EXTRA WEF /BL-NT,6,rs_online
EDW/5/18/HOME/12X12C.C/21/EXTRA WEF /BL-NT,1,rs_online
BTC/08/17/GA/DUPATTA/13/TIE&DYE/P&GR/FS,9,rs_online
BTC/08/17/GA/DUPATTA/11/TIE&DYE/B&W/FS,0,rs_online
WI-242-DHAU/BL/XL,0,rs_online
WI-242-DHAU/BL/L,3,rs_online
WI-242-DHAU/BL/M,0,rs_online
WI-242-DHAU/BL/S,0,rs_online
WI-242-DHAU/PK-XL,0,rs_online
WI-242-DHAU/PK/L,4,rs_online
WI-242-DHAU/PK/M,2,rs_online
WI-242-DHAU/PK/S,0,rs_online
BTC/01/18/GA/DUPATTA/06/TIE &DYE/BL&WH/FS,12,rs_online
BTC/01/18/GA/DUPATTA/06/TIE &DYE/BK&WH/FS,5,rs_online
WI-244-GANGA KRT SILK/PR/XL,0,rs_online
WI-244-GANGA KRT SILK/PR/L,0,rs_online
WI-244-GANGA KRT SILK/PR/M,0,rs_online
WI-244-GANGA KRT SILK/PR/S,0,rs_online
WW-147-MOHIT DRESS/RD/L,0,rs_online
WW-147-MOHIT DRESS/RD/M,0,rs_online
WW-147-MOHIT DRESS/RD/S,0,rs_online
EDW/06/17/GA/DUP/05/RD/SQUARE,15,rs_online
EDW/06/17/GA/DUP/05/DG/SQUARE,2,rs_online
WI-244-GANGA KRT SILK/YL/XL,0,rs_online
WI-244-GANGA KRT SILK/YL/L,0,rs_online
WI-244-GANGA KRT SILK/YL/M,0,rs_online
WI-244-GANGA KRT SILK/YL/S,0,rs_online
EDW/06/17/GA/DUP/06/MG/DIMOND,6,rs_online
BTC 03/18/GA/KOTADORISARI/09/BAGRUPRINT/ DESIGN -09,8,rs_online
EDW/06/17/GA/DUP/06/LG/DIMOND,3,rs_online
EDW/06/17/GA/DUP/KANGAN EMB/03/TQ,8,rs_online
EDW/06/17/GA/DUP/SOORAJ/04/PK,0,rs_online
BTC/04/2016/GA/SARI/EXTRA WEFT/BIG CHECK/04/GY&BK,1,rs_online
BTC/05/2016/GA/SARI/EXTRA WEFT/05/STRIP/GY&RD,2,rs_online
BTC/03/18/GA/KOTADORISARI/16/BAGRUPRINT/DESIGN -16,9,rs_online
BTC/03/18/GA/KOTADORISARI/13/BAGRUPRINT/DESIGN -13,6,rs_online
BTC/03/18/GA/KOTADORISARI/03/BAGRUPRINT/DESIGN -03,1,rs_online
WW-140-LINEN TOP/BL/XL,6,rs_online
WW-140-LINEN TOP/BL/L,15,rs_online
WW-140-LINEN TOP/BL/M,11,rs_online
BTC/03/18/GA/KOTADORISARI/05/BAGRUPRINT/DESIGN - 05,8,rs_online
BTC/03/18/GA/KOTADORISARI/4/BAGRUPRINT/DESIGN - 04,2,rs_online
BTC/03/18/GA/KOTADORISARI/06/BAGRUPRINT/DESIGN -06,5,rs_online
EDW/10/17/GA/SARI/BATIK/01/KOTA DORIA/TQ,0,rs_online
BTC/03/18/GA/KOTADORISARI/01/BAGRUPRINT/DESIGN - 01,7,rs_online
"""BTC 03/18/GA/BLOUSE PC/01/HAND EMB/GY&BK """,4,rs_online
BTC/03/18/GA/KOTADORISARI/14/BAGRUPRINT/DESIGN -14,11,rs_online
"""BTC 03/18/GA/BLOUSE PC/05/HAND EMB/BG &BK """,5,rs_online
BTC/03/18/GA/KOTADORISARI/10/BAGRUPRINT/DESIGN -10,8,rs_online
"""BTC 03/18/GA/BLOUSE PC/04/HAND EMB/BG&RD",5,rs_online
BTC/03/18/GA/KOTADORISARI/15/BAGRUPRINT/DESIGN -15,10,rs_online
BTC/03/18/GA/KOTADORISARI/2/BAGRUPRINT/DESIGN - 02,0,rs_online
"""BTC 03/18/GA/BLOUSE PC/02/HAND EMB/BK&BG """,5,rs_online
BTC/03/18/GA/KOTADORISARI/11/BAGRUPRINT/DESIGN -11,7,rs_online
BTC/28/2016/WW/LONG SKIRT/RU/FS,0,rs_online
BTC/03/18/GA/KOTADORISARI/07/BAGRUPRINT/DESIGN -07,2,rs_online
BTC/12/17/WW WRAP AROUND SKIRT/01/EXTRA WEFT/RD/FS,3,rs_online
EDW/06/17/GA/DUP/07/RD/BOOTA,5,rs_online
BTC/08/17/WW/SKIRT MULTIKALI/04/DABU/IN/FS,0,rs_online
BTC/03/18/GA/KOTADORISARI/08/BAGRUPRINT/DESIGN - 08,7,rs_online
BTC/41/2016/WW/SHORT SKIRT/DABU//IN/FS,0,rs_online
EDW/06/17/GA/DUP/MUCCA/09/SB,8,rs_online
BTC/11/17/GA/CHANDERI DUPATTA/02/GR,5,rs_online
BTC/10/18/WW/LONG SKIRT/11/SOOF EMB/NT/FS,0,rs_online
BTC/10/18/WW/LONG SKIRT/11/SOOF EMB/BG/FS,0,rs_online
EDW/06/17/GA/DUP/MUCCA/09/OR,0,rs_online
EDW/06/17/GA/DUP/10/RD/SOOF BOOTA,9,rs_online
BTC/09/18/WW/PLAZOO/02/DABU MULL/IN/FS,4,rs_online
BTC/07/2016WW/SHAWL COLLAR JKT/APPLIQUE/NT/FS,4,rs_online
EDW/06/17/GA/DUP/02/LG/SOOF EMB,6,rs_online
EDW/06/17/GA/DUP/10/BL/SOOF BOOTA,0,rs_online
BTC/06/2016/WW/LONG JKT/APPLIQUE/NT/FS,7,rs_online
EDW/06/17/GA/DUP/01/YL/SOOF EMB,6,rs_online
BTC/11/19/WW/TOP/01/KASHMIRI EMB/BK/XL,1,rs_online
BTC/11/19/WW/TOP/01/KASHMIRI EMB/BK/L,2,rs_online
BTC/11/19/WW/TOP/01/KASHMIRI EMB/BK/M,3,rs_online
BTC/11/19/WW/TOP/01/KASHMIRI EMB/BK/S,0,rs_online
BTC 37/16/WW/SHAWLCOLLAR JACKET/DABU/IN/FS,0,rs_online
BTC/08/17/WW/JACKET/14/DABU WITH EMB/N/FS,0,rs_online
BTC/11/19/WW/TOP/01/KASHMIRI EMB/BG-4,1,rs_online
BTC/11/19/WW/TOP/01/KASHMIRI EMB/BG-3,2,rs_online
BTC/11/19/WW/TOP/01/KASHMIRI EMB/BG-2,3,rs_online
BTC/11/19/WW/TOP/01/KASHMIRI EMB/BG-1,1,rs_online
BTC/09/17/WILONG JACKET/03MIRROR/BK/FS,0,rs_online
BTC/11/19/WW/TUNIC/02/KASHMIRI EMB/BK/L,6,rs_online
BTC/11/19/WW/TUNIC/02/KASHMIRI EMB/BK/M,8,rs_online
BTC/11/19/WW/TUNIC/02/KASHMIRI EMB/BK/S,8,rs_online
BTC/12/2016/WW/SHORT KRT/APPLIQUE/NT/XL,5,rs_online
BTC/12/2016/WW/SHORT KRT/APPLIQUE/NT/L,5,rs_online
BTC/12/2016/WW/SHORT KRT/APPLIQUE/NT/M,5,rs_online
BTC/12/2016/WW/SHORT KRT/APPLIQUE/NT/S,7,rs_online
BANJARA/10/19/WI/F&B YOKE KRT/03/EMB/OR/XL,6,rs_online
BANJARA/10/19/WI/F&B YOKE KRT/03/EMB/OR/L,11,rs_online
BANJARA/10/19/WI/F&B YOKE KRT/03/EMB/OR/M,9,rs_online
BANJARA/10/19/WI/F&B YOKE KRT/03/EMB/OR/S,2,rs_online
BTC/03/18/WW/ SHORT KRT/05/MIRROR/NT/XL,2,rs_online
BTC/03/18/WW/ SHORT KRT/05/MIRROR/NT/L,5,rs_online
BTC/03/18/WW/ SHORT KRT/05/MIRROR/NT/M,6,rs_online
BTC/03/18/WW/ SHORT KRT/05/MIRROR/NT/S,0,rs_online
BTC/11/19/WI/ANARKALI/03/KASHMIRI EMB/BK/L,1,rs_online
BTC/11/19/WI/ANARKALI/03/KASHMIRI EMB/BK/M,0,rs_online
BTC/11/19/WI/ANARKALI/03/KASHMIRI EMB/BG/S,1,rs_online
BTC/03/18/WW/BIAS TOP/02/MIRROR/NT/XL,1,rs_online
BTC/03/18/WW/BIAS TOP/02/MIRROR/NT/L,1,rs_online
BTC/03/18/WW/BIAS TOP/02/MIRROR/NT/M,1,rs_online
BTC-03-18-WW-BIASTOP-02-MIRROR-NT-S,1,rs_online
BANJARA/10/19/WI/F&B YOKE KRT/03/EMB/TL/XL,4,rs_online
BANJARA/10/19/WI/F&B YOKE KRT/03/EMB/TL/L,4,rs_online
BANJARA/10/19/WI/F&B YOKE KRT/03/EMB/TL/M,5,rs_online
BANJARA/10/19/WI/F&B YOKE KRT/03/EMB/TL/S,1,rs_online
BTC/01/18/WW/SHORT KRT/03/STITCH LINE/TQ/XL,1,rs_online
BTC/01/18/WW/SHORT KRT/03/STITCH LINE/TQ/L,1,rs_online
BTC/01/18/WW/SHORT KRT/03/STITCH LINE/TQ/M,6,rs_online
BTC/01/18/WW/SHORT KRT/03/STITCH LINE/TQ/S,3,rs_online
MONOCHROME/9/19/HM/12X12CC/05/CREWEL/BK,10,rs_online
BTC/01/18/WW/BIAS TOP/04/STITCH LINE/TQ/XL,1,rs_online
BTC/01/18/WW/BIAS TOP/04/STITCH LINE/TQ/L,2,rs_online
BTC/01/18/WW/BIAS TOP/04/STITCH LINE/TQ/M,1,rs_online
MONOCHROME/9/19/HM/20X20CC/03/CREWEL/BK,10,rs_online
BTC/01/18/WW/BIAS TOP/04/STITCH LINE/TQ/S,1,rs_online
BTC/39/2016/WW/SHORT KRT/DABU/IN/XL,6,rs_online
BTC/39/2016/WW/SHORT KRT/DABU/IN/L,4,rs_online
BTC/39/2016/WW/SHORT KRT/DABU/IN/M,4,rs_online
BTC/39/2016/WW/SHORT KRT/DABU/IN/S,1,rs_online
MONOCHROME/9/19/HM/12X12CC/09/CREWEL/NT,10,rs_online
BTC/08/17/WW/KIMONO/01/DABU/IN/XL,1,rs_online
BTC/08/17/WW/KIMONO/01/DABU/IN/L,3,rs_online
BTC/08/17/WW/KIMONO/01/DABU/IN/M,0,rs_online
BTC/08/17/WW/KIMONO/01/DABU/IN/S,1,rs_online
BTC/30/2016/WW/SHORT KRT/EXTRA WEFT/NT/XL,9,rs_online
BTC/30/2016/WW/SHORT KRT/EXTRA WEFT/NT/L,10,rs_online
BTC/30/2016/WW/SHORT KRT/EXTRA WEFT/NT/M,10,rs_online
BTC/30/2016/WW/SHORT KRT/EXTRA WEFT/NT/S,8,rs_online
MONOCHROME/9/19/HM/12X12CC/10/CREWEL/NT,10,rs_online
BTC/12/17/WW/ SHORT KRT/06/MIRROR/BK/XL,0,rs_online
BTC/12/17/WW/SHORT KRT/06/MIRROR/BK/L,0,rs_online
BTC/12/17/WW/SHORT KRT/06/MIRROR/BK/M,0,rs_online
BTC/12/17/WW/SHORT KRT/06/MIRROR/BK/S,0,rs_online
BTC/09/17/WW/BIAS TOP/02/MIRROR/BK/XL,1,rs_online
BTC/09/17/WW/BIAS TOP/02/MIRROR/BK/L,1,rs_online
BTC/09/17/WW/BIAS TOP/02/MIRROR/BK/M,4,rs_online
BTC/09/17/WW/BIAS TOP/02/MIRROR/BK/S,3,rs_online
MONOCHROME/9/19/HM/12X12CC/08/CREWEL/NT,0,rs_online
BTC 16/16/WW/SHIRT /BG-3,0,rs_online
BTC 16/16/WW/SHIRT /BG-2,0,rs_online
BTC 16/16/WW/SHIRT /BG-1,0,rs_online
BTC 22/16/WW/SHIRT/HANDLOOM/BK-3,0,rs_online
BTC 22/16/WW/SHIRT/HANDLOOM/BK-2,0,rs_online
BTC 22/16/WW/SHIRT/HANDLOOM/BK-1,0,rs_online
MONOCHROME/9/19/HM/16X16CC/07/CREWEL/NT,0,rs_online
BTC/10/18/WW/BIAS TOP/06/SOOF EMB/NT/XL,2,rs_online
BTC/10/18/WW/BIAS TOP/06/SOOF EMB/NT/L,4,rs_online
BTC/10/18/WW/BIAS TOP/06/SOOF EMB/NT/M,6,rs_online
BTC/10/18/WW/BIAS TOP/06/SOOF EMB/NT/S,2,rs_online
MONOCHROME/9/19/HM/16X16CC/04/CREWEL/BK,10,rs_online
BTC/10/18/WW/BIAS TOP/06/SOOF EMB/BG/XL,5,rs_online
BTC/10/18/WW/BIAS TOP/06/SOOF EMB/BG/L,2,rs_online
BTC/10/18/WW/BIAS TOP/06/SOOF EMB/BG/M,2,rs_online
BTC/10/18/WW/BIAS TOP/06/SOOF EMB/BG/S,2,rs_online
BTC/10/18/WW/SHORT KURTA/05/SOOF EMB/NT/XL,3,rs_online
BTC/10/18/WW/SHORT KURTA/05/SOOF EMB/NT/L,3,rs_online
BTC/10/18/WW/SHORT KURTA/05/SOOF EMB/NT/M,1,rs_online
BTC/10/18/WW/SHORT KURTA/05/SOOF EMB/NT/S,2,rs_online
ROHIDA/02/20/WW/SL TOP BOX PLEAT /03/EMB/BG/L,2,rs_online
ROHIDA/02/20/WW/SL TOP BOX PLEAT /03/EMB/BG/M,4,rs_online
ROHIDA/02/20/WW/SL TOP BOX PLEAT /03/EMB/BG/S,4,rs_online
ROHIDA/02/20/WW/SL TOP BOX PLEAT /03/EMB/BG/XS,2,rs_online
ROHIDA/02/20/WW/SL TOP FRILL/02/EMB/OR-4,2,rs_online
ROHIDA/02/20/WW/SL TOP FRILL/02/EMB/OR-3,4,rs_online
ROHIDA/02/20/WW/SL TOP FRILL/02/EMB/OR-2,4,rs_online
ROHIDA/02/20/WW/SL TOP FRILL/02/EMB/OR-1,2,rs_online
BTC/10/18/WW/SHORT KURTA/05/SOOF EMB/BG/XL,1,rs_online
BTC/10/18/WW/SHORT KURTA/05/SOOF EMB/BG/L,8,rs_online
BTC/10/18/WW/SHORT KURTA/05/SOOF EMB/BG/M,6,rs_online
BTC/10/18/WW/SHORT KURTA/05/SOOF EMB/BG/S,1,rs_online
ROHIDA/02/20/WI/L.KRT STRIP/06/EMB/BG/XL,2,rs_online
ROHIDA/02/20/WI/L.KRT STRIP/06/EMB/BG/L,2,rs_online
ROHIDA/02/20/WI/L.KRT STRIP/06/EMB/BG/M,3,rs_online
ROHIDA/02/20/WI/L.KRT STRIP/06/EMB/BG/S,4,rs_online
BTC/09/18/WW/CH. COLLAR DREES/01/DABU MULL/IN/XL,0,rs_online
BTC/09/18/WW/CH. COLLAR DREES/01/DABU MULL/IN/L,2,rs_online
BTC/09/18/WW/CH. COLLAR DREES/01/DABU MULL/IN/M,5,rs_online
BTC/09/18/WW/CH. COLLAR DREES/01/DABU MULL/IN/S,2,rs_online
ROHIDA/02/20/WI/L.KRT LOOP BUTTON/05/EMB/BG/XL,1,rs_online
ROHIDA/02/20/WI/L.KRT LOOP BUTTON/05/EMB/BG/L,2,rs_online
ROHIDA/02/20/WI/L.KRT LOOP BUTTON/05/EMB/BG/M,3,rs_online
ROHIDA/02/20/WI/L.KRT LOOP BUTTON/05/EMB/BG/S,3,rs_online
BTC/09/18/WW/DOUBLE LAYER S.KRT/4/DABU MULL/IN/L-XL,5,rs_online
BTC/09/18/WW/DOUBLE LAYER S.KRT/04/DABU MULL/IN/S-M,3,rs_online
ROHIDA/02/20/WW/OVERLAP DRESS/04/EMB/BG/L,0,rs_online
ROHIDA/02/20/WW/OVERLAP DRESS/04/EMB/BG/M,2,rs_online
ROHIDA/02/20/WW/OVERLAP DRESS/04/EMB/BG/S,3,rs_online
ROHIDA/02/20/WW/OVERLAP DRESS/04/EMB/BG/XS,1,rs_online
ROHIDA/02/20/WW/SL POCKET DRESS/08/EMB/BG/XL,2,rs_online
ROHIDA/02/20/WW/SL POCKET DRESS/08/EMB/BG/L,4,rs_online
ROHIDA/02/20/WW/SL POCKET DRESS/08/EMB/BG/M,0,rs_online
ROHIDA/02/20/WW/SL POCKET DRESS/08/EMB/BG/S,2,rs_online
BTC/09/18/WW/ RACER BACK TOP/08/DABU MULL/IN/L-XL,7,rs_online
BTC/09/18/WW/ RACER BACK TOP/08/DABU MULL/IN/S-M,1,rs_online
ROHIDA/02/20/WI/L.KRT PLACKET/07/EMB/OR/XL,2,rs_online
ROHIDA/02/20/WI/L.KRT PLACKET/07/EMB/OR/L,4,rs_online
ROHIDA/02/20/WI/L.KRT PLACKET/07/EMB/OR/M,4,rs_online
ROHIDA/02/20/WI/L.KRT PLACKET/07/EMB/OR/S,1,rs_online
BTC/12/17/WW/SHORT KRT/03/EXTRA WEFT/RD/XL,4,rs_online
BTC/12/17/WW/SHORT KRT/03/EXTRA WEFT/RD/L,4,rs_online
BTC/12/17/WW/SHORT KRT/03/EXTRA WEFT/RD/M,4,rs_online
BTC/12/17/WW/SHORT KRT/03/EXTRA WEFT/RD/S,5,rs_online
PHAGUN/02/20/WI/L.KRT PLACKET/01/GR/XL,1,rs_online
PHAGUN/02/20/WI/L.KRT PLACKET/01/GR/L,2,rs_online
PHAGUN/02/20/WI/L.KRT PLACKET/01/GR/M,6,rs_online
PHAGUN/02/20/WI/L.KRT PLACKET/01/GR/S,6,rs_online
PHAGUN/02/20/WI/L.KRT PLACKET/01/GR/XS,2,rs_online
BTC/11/2016/WI/A LINE KRT/APPLIQUE/NT/XL,8,rs_online
BTC/11/2016/WI/A LINE KRT/APPLIQUE/NT/L,7,rs_online
BTC/11/2016/WI/A LINE KRT/APPLIQUE/NT/M,8,rs_online
BTC/11/2016/WI/A LINE KRT/APPLIQUE/NT/S,8,rs_online
PHAGUN/02/20/WI/L.KRT PLACKET/01/WH/XL,3,rs_online
PHAGUN/02/20/WI/L.KRT PLACKET/01/WH/L,3,rs_online
PHAGUN/02/20/WI/L.KRT PLACKET/01/WH/M,6,rs_online
PHAGUN/02/20/WI/L.KRT PLACKET/01/WH/S,6,rs_online
PHAGUN/02/20/WI/L.KRT PLACKET/01/WH/XS,3,rs_online
BTC/10/2016/WI/ANARKALI KRT/APPLIQUE/NT/XL,2,rs_online
BTC/10/2016/WI/ANARKALI KRT/APPLIQUE/NT/FS,2,rs_online
PHAGUN/02/20/WW/SL DRESS PINTUCK/02/WH/L,1,rs_online
PHAGUN/02/20/WW/SL DRESS PINTUCK/02/WH/M,6,rs_online
PHAGUN/02/20/WW/SL DRESS PINTUCK/02/WH/S,6,rs_online
PHAGUN/02/20/WW/SL DRESS PINTUCK/02/WH/XS,4,rs_online
BTC/08/2016/WI/SLIT KRT SLEEVELESS/APPLIQUE/NT/XL,5,rs_online
BTC/08/2016/WI/SLIT KRT SLEEVELESS/APPLIQUE/NT/L,6,rs_online
BTC/08/2016/WI/SLIT KRT SLEEVELESS/APPLIQUE/NT/M,6,rs_online
BTC/08/2016/WI/SLIT KRT SLEEVELESS/APPLIQUE/NT/S,3,rs_online
PHAGUN/02/20/WW/SL DRESS PINTUCK/02/GR/L,2,rs_online
PHAGUN/02/20/WW/SL DRESS PINTUCK/02/GR/M,6,rs_online
PHAGUN/02/20/WW/SL DRESS PINTUCK/02/GR/S,6,rs_online
PHAGUN/02/20/WW/SL DRESS PINTUCK/02/GR/XS,4,rs_online
BTC09-16-WI-SLITKRT-APPLIQUE-NT-XL,2,rs_online
BTC09-16-WI-SLITKRT-APPLIQUE-NT-L,6,rs_online
BTC09-16-WI-SLITKRT-APPLIQUE-NT-M,4,rs_online
BTC09-16-WI-SLITKRT-APPLIQUE-NT-S,2,rs_online
PHAGUN/02/20/WW/V NECK PANEL DRESS/03/GR/XL,3,rs_online
PHAGUN/02/20/WW/V NECK PANEL DRESS/03/GR/L,1,rs_online
PHAGUN/02/20/WW/V NECK PANEL DRESS/03/GR/M,4,rs_online
PHAGUN/02/20/WW/V NECK PANEL DRESS/03/GR/S,6,rs_online
BTC/38/2016/WI/ANARKALI/DABU/IN/XL,2,rs_online
BTC/38/2016/WI/ANARKALI/DABU/IN/L,0,rs_online
BTC/38A/2016/WI/ANARKAIL SL/DABU/IN/FS,0,rs_online
BTC/03/18/WI/ALINE KURTA/04/MIRROR/NT,0,rs_online
BTC/03/18/WI/ALINE KURTA/04/MIRROR/NT,0,rs_online
BTC/03/18/WI/ALINE KURTA/04/MIRROR/NT,0,rs_online
BTC/03/18/WI/ALINE KURTA/04/MIRROR/NT,0,rs_online
PHAGUN/02/20/WW/V NECK PANEL DRESS/03/GY/XL,3,rs_online
PHAGUN/02/20/WW/V NECK PANEL DRESS/03/GY/L,3,rs_online
PHAGUN/02/20/WW/V NECK PANEL DRESS/03/GY/M,5,rs_online
PHAGUN/02/20/WW/V NECK PANEL DRESS/03/GY/S,6,rs_online
BTC/03/18/WI/SLIT KURTA SLEEVELSS/01/MIRROR/NT/XL,2,rs_online
BTC/03/18/WI/SLIT KURTA SLEEVELSS/01/MIRROR/NT/L,5,rs_online
BTC/03/18/WI/SLIT KURTA SLEEVELSS/01/MIRROR/NT/M,7,rs_online
BTC/03/18/WI/SLIT KURTA SLEEVELSS/01/MIRROR/NT/S,2,rs_online
PHAGUN/02/20/WW/SL TOP PINTUCK/04/PK/L,2,rs_online
PHAGUN/02/20/WW/SL TOP PINTUCK/04/PK/M,6,rs_online
PHAGUN/02/20/WW/SL TOP PINTUCK/04/PK/S,6,rs_online
PHAGUN/02/20/WW/SL TOP PINTUCK/04/PK/XS,3,rs_online
BTC/18/2016/WI/ANARKALI/BG/XL,4,rs_online
BTC/18/2016/WI/ANARKALI/BG/L,6,rs_online
BTC/18/2016/WI/ANARKALI/BG/FS,6,rs_online
BTC/01/18/WI/A LINE KRT/01/STITCH LINE/TQ/XL,0,rs_online
BTC/01/18/WI/A LINE KRT/01/STITCH LINE/TQ/L,0,rs_online
BTC/01/18/WI/A LINE KRT/01/STITCH LINE/TQ/M,0,rs_online
BTC/01/18/WI/A LINE KRT/01/STITCH LINE/TQ/S,0,rs_online
PHAGUN/02/20/WW/SL TOP PINTUCK/04/WH/L,3,rs_online
PHAGUN/02/20/WW/SL TOP PINTUCK/04/WH/M,6,rs_online
PHAGUN/02/20/WW/SL TOP PINTUCK/04/WH/S,6,rs_online
PHAGUN/02/20/WW/SL TOP PINTUCK/04/WH/XS,3,rs_online
BTC/01/18/WI/SLIT KRT/02/STITCH LINE/TQ/XL,1,rs_online
BTC/01/18/WI/SLIT KRT/02/STITCH LINE/TQ/L,7,rs_online
BTC/01/18/WI/SLIT KRT/02/STITCH LINE/TQ/M,5,rs_online
BTC/01/18/WI/SLIT KRT/02/STITCH LINE/TQ/S,0,rs_online
PHAGUN/02/20/WI/L.KRT GATHER YOKE/05/GY-5,3,rs_online
PHAGUN/02/20/WI/L.KRT GATHER YOKE/05/GY-4,3,rs_online
PHAGUN/02/20/WI/L.KRT GATHER YOKE/05/GY-3,6,rs_online
PHAGUN/02/20/WI/L.KRT GATHER YOKE/05/GY-2,6,rs_online
PHAGUN/02/20/WI/L.KRT GATHER YOKE/05/GY-1,3,rs_online
BTC/12/17/WI/LONG KRT/04/EXTRA WEFT/RD/XL,2,rs_online
BTC/12/17/WI/LONG KRT/04/EXTRA WEFT/RD/L,4,rs_online
BTC/12/17/WI/LONG KRT/04/EXTRA WEFT/RD/M,8,rs_online
BTC/12/17/WI/LONG KRT/04/EXTRA WEFT/RD/S,6,rs_online
PHAGUN/02/20/WI/L.KRT GATHER YOKE/05/PK/XL,3,rs_online
PHAGUN/02/20/WI/L.KRT GATHER YOKE/05/PK/L,3,rs_online
PHAGUN/02/20/WI/L.KRT GATHER YOKE/05/PK/M,6,rs_online
PHAGUN/02/20/WI/L.KRT GATHER YOKE/05/PK/S,6,rs_online
PHAGUN/02/20/WI/L.KRT GATHER YOKE/05/PK/XS,3,rs_online
BTC/40/2016/WI/SLIT KRT WITH SLEEVES/DABUIN/XL,0,rs_online
BTC/40/2016/WI/SLIT KRT WITH SLEEVES/DABUIN/L,4,rs_online
BTC/40/2016/WI/SLIT KRT WITH SLEEVES/DABUIN/M,0,rs_online
BTC/40/2016/WI/SLIT KRT WITH SLEEVES/DABUIN/S,7,rs_online
PHAGUN/02/20/WI/L.KRT ANGRAKHA/07/PK/XL,1,rs_online
PHAGUN/02/20/WI/L.KRT ANGRAKHA/07/PK/L,3,rs_online
PHAGUN/02/20/WI/L.KRT ANGRAKHA/07/PK/M,5,rs_online
PHAGUN/02/20/WI/L.KRT ANGRAKHA/07/PK/S,6,rs_online
BTC/54/2016/WI/SLIT KRT SLEEVELESS/IDABU/N/XL,7,rs_online
BTC/54/2016/WI/SLIT KRT SLEEVELESS/DABU/IN/L,7,rs_online
BTC/54/2016/WI/SLIT KRT SLEEVELESS/DABU/IN/M,2,rs_online
BTC/54/2016/WI/SLIT KRT SLEEVELESS/DABU/IN/S,6,rs_online
PHAGUN/02/20/WW/PLEATED SHIRT/06/GY-4,3,rs_online
PHAGUN/02/20/WW/PLEATED SHIRT/06/GY-3,3,rs_online
PHAGUN/02/20/WW/PLEATED SHIRT/06/GY-2,6,rs_online
PHAGUN/02/20/WW/PLEATED SHIRT/06/GY-1,5,rs_online
BTC/08/17/WI/LONG KURTA/02/DABU/IN/XL,0,rs_online
BTC/08/17/WI/LONG KURTA/02/DABU/IN/L,0,rs_online
BTC/08/17/WI/LONG KURTA/02/DABU/IN/M,8,rs_online
BTC/08/17/WI/LONG KURTA/02/DABU/IN/S,5,rs_online
PHAGUN/02/20/WW/KIMONO DRESS/08/WH/L,1,rs_online
PHAGUN/02/20/WW/KIMONO DRESS/08/WH/M,3,rs_online
PHAGUN/02/20/WW/KIMONO DRESS/08/WH/S,3,rs_online
PHAGUN/02/20/WW/KIMONO DRESS/08/WH/XS,3,rs_online
BTC/32/2016/WI/SLIT KURTA SLEEVLESS/EXTRA WEFT/NT/XL,6,rs_online
BTC/32/2016/WI/SLIT KURTA SLEEVLESS/EXTRA WEFT/NT/L,10,rs_online
BTC/32/2016/WI/SLIT KURTA SLEEVLESS/EXTRA WEFT/NT/M,7,rs_online
BTC/32/2016/WI/SLIT KURTA SLEEVLESS/EXTRA WEFT/NT/S,6,rs_online
PHAGUN/02/20/WI/L.KRT ANGRAKHA/07/GY-4,2,rs_online
PHAGUN/02/20/WI/L.KRT ANGRAKHA/07/GY-3,3,rs_online
PHAGUN/02/20/WI/L.KRT ANGRAKHA/07/GY-2,6,rs_online
PHAGUN/02/20/WI/L.KRT ANGRAKHA/07/GY-1,5,rs_online
BTC/34/2016/WI/A LINE KRT/EXTRA WEFT/NT/XL,4,rs_online
BTC/34/2016/WI/A LINE KRT/EXTRA WEFT/NT/L,10,rs_online
BTC/34/2016/WI/A LINE KRT/EXTRA WEFT/NT/M,10,rs_online
BTC/34/2016/WI/A LINE KRT/EXTRA WEFT/NT/S,3,rs_online
PHAGUN/02/20/WW/PLAZZO/10/WH-5,2,rs_online
PHAGUN/02/20/WW/PLAZZO/10/WH-4,2,rs_online
PHAGUN/02/20/WW/PLAZZO/10/WH-3,5,rs_online
PHAGUN/02/20/WW/PLAZZO/10/WH-2,5,rs_online
PHAGUN/02/20/WW/PLAZZO/10/WH-1,2,rs_online
BTC/09/17/WI/SLIT KURTA SLEEVELSS/01/MIRROR/BK/XL,0,rs_online
BTC/09/17/WI/SLIT KURTA SLEEVELSS/01/MIRROR/BK/L,4,rs_online
BTC/09/17/WI/SLIT KURTA SLEEVELSS/01/MIRROR/BK/M,1,rs_online
BTC/09/17/WI/SLIT KURTA SLEEVELSS/01/MIRROR/BK/S,3,rs_online
PHAGUN/02/20/WW/TOP GATHER/09/WH/L,3,rs_online
PHAGUN/02/20/WW/TOP GATHER/09/WH/M,1,rs_online
PHAGUN/02/20/WW/TOP GATHER/09/WH/S,4,rs_online
PHAGUN/02/20/WW/TOP GATHER/09/WH/XS,3,rs_online
PHAGUN/02/20/WW/PLEATED SHIRT/06/WH/XL,3,rs_online
PHAGUN/02/20/WW/PLEATED SHIRT/06/WH/L,2,rs_online
PHAGUN/02/20/WW/PLEATED SHIRT/06/WH/M,6,rs_online
PHAGUN/02/20/WW/PLEATED SHIRT/06/WH/S,4,rs_online
BTC13-16-WW-SHIRT-APPLIQUE-NT-L,0,rs_online
BTC13-16-WW-SHIRT-APPLIQUE-NT-M,0,rs_online
BTC/13/2016/WW/WRAP SHIRT/APPLIQUE/NT/S,2,rs_online
EDW/10/17/WI-LONG KURTA LILY/BU/XL,0,rs_online
EDW/10/17/WI-LONG KURTA LILY/BU/L,0,rs_online
EDW/10/17/WI-LONG KURTA LILY/BU/M,0,rs_online
EDW/10/17/WI-LONG KURTA LILY/BU/S,0,rs_online
EDW/10/17/WI-LONG KURTA LILY/BU/XS,0,rs_online
BTC/10/18/WI/SLIT KURTA/07/SOOF EMB/BG/XL,2,rs_online
BTC/10/18/WI/SLIT KURTA/07/SOOF EMB/BG/L,6,rs_online
BTC/10/18/WI/SLIT KURTA/07/SOOF EMB/BG/M,0,rs_online
BTC/10/18/WI/SLIT KURTA/07/SOOF EMB/BG/S,0,rs_online
BTC/10/18/WI/SLIT KURTA/07/SOOF EMB/NT/XL,4,rs_online
BTC/10/18/WI/SLIT KURTA/07/SOOF EMB/NT/L,2,rs_online
BTC/10/18/WI/SLIT KURTA/07/SOOF EMB/NT/M,0,rs_online
BTC/10/18/WI/SLIT KURTA/07/SOOF EMB/NT/S,1,rs_online
BTC/10/18/WI/ANARKALI KURTA/10/SOOF EMB/NT/FS,0,rs_online
BTC/10/18/WI/ANARKALI KURTA/10/SOOF EMB/BG/FS,1,rs_online
BTC/10/18/WI/ALINE KURTA WITH YOKE/08/SOOF EMB/NT/XL,4,rs_online
BTC/10/18/WI/ALINE KURTA WITH YOKE/08/SOOF EMB/NT/L,2,rs_online
BTC/10/18/WI/ALINE KURTA WITH YOKE/08/SOOF EMB/NT/M,2,rs_online
BTC/10/18/WI/ALINE KURTA WITH YOKE/08/SOOF EMB/NT/S,0,rs_online
BTC/10/18/WI/ALINE KURTA WITH YOKE/08/SOOF EMB/BG/XL,0,rs_online
BTC/10/18/WI/ALINE KURTA WITH YOKE/08/SOOF EMB/BG/L,-1,rs_online
BTC/10/18/WI/ALINE KURTA WITH YOKE/08/SOOF EMB/BG/M,0,rs_online
BTC/10/18/WI/ALINE KURTA WITH YOKE/08/SOOF EMB/BG/S,0,rs_online
BTC/09/18/WW/LONG ANGRAKHA DRESS/7/DABU MULL/IN/L-XL,5,rs_online
BTC/09/18/WW/LONG ANGRAKHA DRESS/07/DABU MULL/IN/S-M,0,rs_online
BTC/09/18/WW/DOUBLE LAYER DRESS/6/DABU MULL/IN/L-XL,6,rs_online
BTC/09/18/WW/DOUBLE LAYER DRESS/6/DABU MULL/IN/S-M,2,rs_online
EDW/1/19/WI/LONG KURTA/BANDHEJ ROUND HEM/03/YL/XL,6,rs_online
EDW/1/19/WI/LONG KURTA/BANDHEJ ROUND HEM/03/YL/L,8,rs_online
EDW/1/19/WI/LONG KURTA/BANDHEJ ROUND HEM/03/YL/M,8,rs_online
EDW/1/19/WI/LONG KURTA/BANDHEJ ROUND HEM/03/YL/S,6,rs_online
BTC/07/18/WW/PLEATED SHRUG/06/SHIBORI/PK/L,2,rs_online
BTC/07/18/WW/PLEATED SHRUG/06/SHIBORI/PK/M,3,rs_online
BTC/07/18/WW/PLEATED SHRUG/06/SHIBORI/PK/S,3,rs_online
BTC/07/18/WW/CASCADE JACKET/07/SHIBORI/TQ/FS,3,rs_online
ROHIDA/02/20/WW/TOP PINTUCK/01/EMB/BG/XL,1,rs_online
ROHIDA/02/20/WW/TOP PINTUCK/01/EMB/BG/L,1,rs_online
ROHIDA/02/20/WW/TOP PINTUCK/01/EMB/BG/M,4,rs_online
ROHIDA/02/20/WW/TOP PINTUCK/01/EMB/BG/S,4,rs_online
TEST12345,5,rs_online
,1,rs_online
,3,rs_online
,3,rs_online
BANJARA/10/19/WI/CH.COLLAR KRT/01/EMB/BL/XL,0,rs_online
BANJARA/10/19/WI/CH.COLLAR KRT/01/EMB/BL/L,0,rs_online
BANJARA/10/19/WI/CH.COLLAR KRT/01/EMB/BL/M,1,rs_online
BANJARA/10/19/WI/CH.COLLAR KRT/01/EMB/BL/S,1,rs_online
BANJARA/10/19/WI/CH.COLLAR KRT/01/EMB/NT/XL,4,rs_online
BANJARA/10/19/WI/CH.COLLAR KRT/01/EMB/NT/L,10,rs_online
BANJARA/10/19/WI/CH.COLLAR KRT/01/EMB/NT/M,6,rs_online
BANJARA/10/19/WI/CH.COLLAR KRT/01/EMB/NT/S,1,rs_online
BLACK&WHITE/09/19/HM/16X16/C.C/07/E.WEFT/BK,11,rs_online
RAKHI/07/19/AC/THREAD BALL MIRROR RAKHI/04,3,rs_online
RAKHI/07/19/AC/MIRROR RAKHI/03,4,rs_online
RAKHI/07/19/AC/THREAD BEAD RAKHI/02,5,rs_online
RAKHI/07/19/AC/TASSEL RAKHI/01,5,rs_online
WI-020-KASHMIRI EMB KRT SILK/PR-3,0,rs_online
WI-020-KASHMIRI EMB KRT SILK/PR-2,0,rs_online
WI-020-KASHMIRI EMB KRT SILK/PR-1,0,rs_online
WI-246-DHIYA SILK KRT/RU/XL,0,rs_online
WI-246-DHIYA SILK KRT/RU-L,0,rs_online
WI-246-DHIYA SILK KRT/RU-M,0,rs_online
WI-246-DHIYA SILK KRT/RU-S,0,rs_online
WI-262-DHIYA KRT SILK/RD/XL,0,rs_online
WI-262-DHIYA KRT SILK/RD/L,0,rs_online
WI-262-DHIYA KRT SILK/RD/M,0,rs_online
WI-262-DHIYA SILK KURTA/RD-S,0,rs_online
EDW/8/18/HOME/16X26 PILLOW.C/03/EXTRA WEFT/MULTI,7,rs_online
EDW/8/18/HOME/16X16C.C/09/PUCCA WITH RUNNING EMB/GY,0,rs_online
BTC/09/18/WW/PLEAT WITH YOKE DREES/05/DABU MULL/IN/L,0,rs_online
BTC/09/18/WW/PLEAT WITH YOKE DREES/05/DABU MULL/IN/M,0,rs_online
BTC/09/18/WW/PLEAT WITH YOKE DREES/05/DABU MULL/IN/S,0,rs_online
EDW/6/18/HOME/16X16C.C/06/EMB /NT,8,rs_online
EDW/6/18/HOME/16X16C.C/05/EMB /NT,8,rs_online
EDW/6/18/HOME/16X16C.C/04/EMB /NT,0,rs_online
EDW/6/18/HOME/16X16C.C/03/EMB /NT,7,rs_online
EDW/6/18/HOME/16X16C.C/02/EMB /NT,8,rs_online
EDW/6/18/HOME/16X16C.C/01/EMB /NT,0,rs_online
EDW/5/18/HOME/77X37PATTU/22/EXTRA WEF /BL-NT,10,rs_online
BTC/03/18/WI/ANARKALI/ APPLIQUE/09/CR/FS,0,rs_online